	Unnamed: 0	gene	REF	ALT	FREQ	SNP	% of population
0	0	ORF1a	A	G	0.0281	ORF1a_A1973G	2.81
1	1	ORF1a	T	C	0.0359	ORF1a_T3353C	3.5900000000000003
2	2	ORF1a	G	A	0.0166	ORF1a_G3356A	1.66
3	3	ORF1a	C	T	0.0105	ORF1a_C3452T	1.05
4	4	ORF1a	A	G	0.0103	ORF1a_A4043G	1.03
5	5	ORF1a	T	C	0.0149	ORF1a_T7121C	1.49
6	6	ORF1a	G	A	0.0189	ORF1a_G7123A	1.89
7	7	ORF1a	T	C	0.0108	ORF1a_T10308C	1.08
8	8	ORF1a	G	T	0.1778	ORF1a_G11070T	17.78
9	9	ORF1a	G	T	0.0759	ORF1a_G11202T	7.59
10	10	ORF1a	G	A	0.0327	ORF1a_G11806A	3.27
11	11	ORF1a	T	C	0.013000000000000001	ORF1a_T12858C	1.3
