	Unnamed: 0	gene	REF	ALT	FREQ	SNP	% of population
0	0	ORF1a	T	C	0.0352	ORF1a_T3353C	3.52
1	1	ORF1a	G	A	0.011200000000000002	ORF1a_G3356A	1.12
2	2	ORF1a	A	G	0.0138	ORF1a_A5750G	1.38
3	3	ORF1a	A	G	0.011000000000000001	ORF1a_A5753G	1.1
4	4	ORF1a	T	C	0.0163	ORF1a_T7121C	1.63
5	5	ORF1a	G	A	0.0177	ORF1a_G7123A	1.77
6	6	ORF1a	T	A	0.0134	ORF1a_T7323A	1.34
7	7	ORF1a	A	T	0.0141	ORF1a_A7324T	1.41
8	8	ORF1a	A	T	0.0113	ORF1a_A7652T	1.13
9	9	ORF1a	A	G	0.0108	ORF1a_A10312G	1.08
10	10	ORF1a	G	T	0.2021	ORF1a_G11070T	20.21
