	Unnamed: 0	gene	REF	ALT	FREQ	SNP	% of population
1	1	ORF1a	T	C	0.0107	ORF1a_T1200C_syn	1.0699999999999998
2	2	ORF1a	C	T	0.0495	ORF1a_C2976T_syn	4.95
3	3	ORF1a	A	G	0.0131	ORF1a_A3216G_syn	1.31
8	8	ORF1a	A	G	0.0107	ORF1a_A7326G_syn	1.0699999999999998
13	13	ORF1a	C	T	0.031	ORF1a_C9702T_syn	3.1
14	14	ORF1a	C	T	0.1734	ORF1a_C10242T_syn	17.34
15	15	ORF1a	G	T	0.15	ORF1a_G11070T_syn	15.0
17	17	ORF1a	C	T	0.0155	ORF1a_C11409T_syn	1.55
20	20	ORF1a	T	C	0.0111	ORF1a_T12858C_syn	1.11
