	gene	POS	REF	ALT	FREQ	SNP	% of population
0	ORF1a	10507	C	T	0.1563	ORF1a_C10507T_syn	15.629999999999999
1	ORF1a	11897	C	A	0.1007	ORF1a_C11897A_Gln3878Lys	10.07
2	ORF1b	19610	C	T	0.2601	ORF1b_C19610T_Thr2048Ile	26.009999999999998
