	gene	POS	REF	ALT	FREQ	SNP	% of population
0	ORF1a	4191	C	T	0.048	ORF1a_C4191T	4.8
1	ORF1a	6548	C	T	0.1063	ORF1a_C6548T	10.63
2	ORF1a	11070	G	T	0.2814	ORF1a_G11070T	28.139999999999997
3	ORF1b	5415	A	G	0.0636	ORF1b_A5415G	6.36
4	ORF3a	4093	C	T	0.0781	ORF3a_C4093T	7.8100000000000005
