	gene	POS	REF	ALT	FREQ	SNP	% of population
0	ORF1a	11070	G	T	0.1314	ORF1a_G11070T	13.139999999999999
1	ORF1a	11202	G	T	0.0568	ORF1a_G11202T	5.680000000000001
2	ORF1a	11806	G	A	0.0455	ORF1a_G11806A	4.55
3	S	1637	C	T	0.0592	S_C1637T	5.92
4	ORF10	106	C	T	0.0465	ORF10_C106T	4.65
