	gene	POS	REF	ALT	FREQ	SNP	% of population
0	ORF1a	10242	C	T	0.1563	ORF1a_C10242T	15.629999999999999
1	ORF1a	11070	G	T	0.0752	ORF1a_G11070T	7.5200000000000005
2	ORF1a	11632	C	A	0.1007	ORF1a_C11632A	10.07
3	ORF1b	5843	C	T	0.2601	ORF1b_C5843T	26.009999999999998
