	Unnamed: 0	gene	REF	ALT	FREQ	SNP	% of population
0	0	ORF1a	A	C	0.0139	ORF1a_A1181C	1.39
1	1	ORF1a	T	C	0.0217	ORF1a_T3353C	2.17
2	2	ORF1a	G	A	0.0101	ORF1a_G3356A	1.01
3	3	ORF1a	G	A	0.0119	ORF1a_G3802A	1.1900000000000002
4	4	ORF1a	C	T	0.0181	ORF1a_C4191T	1.81
5	5	ORF1a	C	T	0.0476	ORF1a_C6548T	4.760000000000002
6	6	ORF1a	T	C	0.0136	ORF1a_T7121C	1.36
7	7	ORF1a	G	A	0.0191	ORF1a_G7123A	1.91
8	8	ORF1a	T	C	0.0111	ORF1a_T9295C	1.11
9	9	ORF1a	G	T	0.3705	ORF1a_G11070T	37.05
10	10	ORF1a	C	T	0.0156	ORF1a_C12905T	1.5599999999999998
