	gene	POS	REF	ALT	FREQ	SNP	% of population
0	ORF1a	3158	A	C	0.0103	ORF1a_A3158C_K1053T	1.03
1	ORF1a	3353	T	C	0.038	ORF1a_T3353C_V1118A	3.8
2	ORF1a	3356	G	A	0.0169	ORF1a_G3356A_G1119D	1.69
3	ORF1a	3784	A	T	0.0318	ORF1a_A3784T_N1262Y	3.18
4	ORF1a	3845	A	G	0.0111	ORF1a_A3845G_D1282G	1.11
5	ORF1a	4837	C	T	0.0366	ORF1a_C4837T_H1613Y	3.66
6	ORF1a	7901	T	C	0.0243	ORF1a_T7901C_I2634T	2.4299999999999997
7	ORF1a	8025	C	T	0.0149	ORF1a_C8025T_syn	1.49
8	ORF1a	8058	T	C	0.0101	ORF1a_T8058C_syn	1.01
9	ORF1a	8434	A	G	0.0109	ORF1a_A8434G_I2812V	1.09
10	ORF1a	8435	T	C	0.0115	ORF1a_T8435C_I2812T	1.15
11	ORF1a	8699	C	T	0.0292	ORF1a_C8699T_S2900L	2.92
12	ORF1a	10076	C	T	0.0174	ORF1a_C10076T_P3359L	1.7399999999999998
13	ORF1a	10242	C	T	0.1209	ORF1a_C10242T_syn	12.09
14	ORF1a	10312	A	G	0.0106	ORF1a_A10312G_T3438A	1.06
15	ORF1a	11070	G	T	0.1142	ORF1a_G11070T_syn	11.42
16	ORF1a	11632	C	A	0.1484	ORF1a_C11632A_Q3878K	14.84
17	ORF1a	11953	A	C	0.0166	ORF1a_A11953C_N3985H	1.66
18	ORF1a	12060	C	T	0.0104	ORF1a_C12060T_syn	1.04
19	ORF1b	1420	A	G	0.0103	ORF1b_A1420G_R474G	1.03
20	ORF1b	2190	G	A	0.0127	ORF1b_G2190A_syn	1.27
21	ORF1b	2191	G	A	0.0149	ORF1b_G2191A_A731T	1.49
22	ORF1b	5843	C	T	0.2691	ORF1b_C5843T_T1948I	26.91
23	ORF1b	7307	C	T	0.0323	ORF1b_C7307T_T2436I	3.2300000000000004
24	S	1424	C	G	0.0111	S_C1424G_A475G	1.11
25	S	2661	C	T	0.0173	S_C2661T_syn	1.73
26	ORF7a	127	A	G	0.0153	ORF7a_A127G_N43D	1.53
27	ORF7a	129	T	C	0.0142	ORF7a_T129C_syn	1.4200000000000002
