	Unnamed: 0	gene	REF	ALT	FREQ	SNP	% of population
0	0	ORF1a	A	G	0.0385	ORF1a_A971G	3.85
1	1	ORF1a	G	T	0.0309	ORF1a_G2656T	3.09
2	2	ORF1a	A	G	0.0127	ORF1a_A2921G	1.27
3	3	ORF1a	T	C	0.0332	ORF1a_T3353C	3.32
4	4	ORF1a	G	T	0.06860000000000001	ORF1a_G6762T	6.860000000000001
5	5	ORF1a	C	G	0.12710000000000002	ORF1a_C8089G	12.710000000000004
6	6	ORF1a	C	T	0.0306	ORF1a_C8657T	3.06
7	7	ORF1a	G	T	0.2	ORF1a_G11070T	20.0
8	8	ORF1a	C	G	0.0142	ORF1a_C11984G	1.4200000000000002
