	Unnamed: 0	gene	REF	ALT	FREQ	SNP	% of population
9	9	ORF1b	T	G	0.031400000000000004	ORF1b_T1686G	3.140000000000001
10	10	ORF1b	C	T	0.0287	ORF1b_C1690T	2.87
11	11	ORF1b	G	A	0.0606	ORF1b_G2810A	6.0600000000000005
12	12	ORF1b	C	A	0.0606	ORF1b_C2813A	6.0600000000000005
13	13	ORF1b	G	T	0.0974	ORF1b_G7183T	9.74
