product	piN	piS
ORF1a	3.17687865057454e-05	0.00016370052323359
ORF1b	1.4962464328018802e-05	6.44799743336848e-05
S	2.5196241334355604e-05	8.376077557019029e-05
ORF3a	0.000189899263730816	0.0
E	0.0	0.000334307124966751
M	0.0	0.0
ORF6	0.0	0.0
ORF7a	7.74992149071985e-05	0.0005008946376257639
ORF8	0.0	0.0
N	0.0	0.0
ORF10	0.0	0.0
