product	piN	piS
ORF1a	2.74708369693108e-05	0.00011379918333118701
ORF1b	1.02403034320015e-05	0.0
S	1.82912008293275e-05	0.0
ORF3a	0.0	0.00016496657831054098
E	0.00016313502626626102	0.0
M	0.0	0.0
ORF6	0.0	0.0
ORF7a	9.0130379237871e-05	0.0008083106648605651
ORF8	0.0	0.0
N	0.0	0.0
ORF10	0.0	0.0
