product	piN	piS
ORF1a	4.62274e-05	0.000110819781
ORF1b	1.65151e-05	2.4947132e-05
S	3.12903e-05	0.000137617667
ORF3a	3.19638e-05	0.0
E	0.0	0.0
M	0.0	0.0
ORF6	0.0	0.0
ORF7a	9.9375e-05	0.000490709665
ORF8	0.0	0.0
N	0.0	0.0
ORF10	0.0004846344	0.0
