product	piN	piS
ORF1a	7.96464649382413e-05	0.00026676173961182
ORF1b	5.34460935481303e-05	1.13107300311585e-05
S	1.96897717278745e-05	2.3322732426897603e-05
ORF3a	0.0	0.0
E	0.00013932911519116799	0.000420760114355356
M	0.0	0.0
ORF6	0.0	0.0
ORF7a	0.00017080861412683301	0.000466626138374125
ORF8	0.0	0.0
N	0.0	0.0
ORF10	0.0	0.0
