product	piN	piS
ORF1a	7.60736996924125e-05	0.000158445910248795
ORF1b	8.45256440378607e-05	1.41406987663887e-05
S	7.59219409241167e-06	3.84518593574191e-05
ORF3a	0.0	0.0
E	0.0	0.0
M	0.0	0.0
ORF6	0.0	0.0
ORF7a	0.000111055516618944	0.000316890877182433
ORF8	0.0	0.0
N	0.0	0.0
ORF10	0.0	0.0
