product	piN	piS
ORF1a	6.549565966718921e-05	0.000104685320678522
ORF1b	6.777204514967591e-05	6.57680843259357e-05
S	0.0	0.0
ORF3a	0.0	0.0
E	0.0	0.0
M	0.0	0.0
ORF6	0.0	0.0
ORF7a	0.0	0.0
ORF8	0.0	0.0
N	0.0	0.000135026513996304
ORF10	0.0	0.0
