,SNP,freq_primary_NP_swab,freq_p1_vero76,freq_p1_veroE6,freq_p1_veroSTAT1KO,freq_p2a_vero76,freq_p2b_vero76
3,ORF1a_T3353C_V1118A,0.0332,0.0359,0.0352,0.0217,0.0316,0.038
7,ORF1a_G11070T_syn,0.2,0.1778,0.2021,0.3705,0.15,0.1142
16,ORF1a_G3356A_G1119D,,0.0166,0.011200000000000002,0.0101,0.0101,0.0169
18,ORF1a_A4043G_K1348R,,0.0103,,,0.0192,
19,ORF1a_T7121C_M2374T,,0.0149,0.0163,0.0136,,
20,ORF1a_G7123A_A2375T,,0.0189,0.0177,0.0191,,
24,ORF1a_T12858C_syn,,0.013000000000000001,,,0.0111,
25,ORF1b_A1420G_R474G,,0.0149,0.0149,,0.011200000000000002,0.0103
26,ORF1b_G2190A_syn,,0.011000000000000001,,,,0.0127
27,ORF1b_G2191A_A731T,,0.0182,0.016200000000000003,0.0111,0.0159,0.0149
28,ORF1b_C4343A_P1448H,,0.0171,,0.0349,,
30,S_T522C_syn,,0.0101,,0.013500000000000002,,
34,ORF3a_C385T_L129F,,0.0101,,0.0105,,
35,ORF7a_A127G_N43D,,0.0137,0.0124,0.0107,0.0117,0.0153
36,ORF7a_T129C_syn,,0.0222,0.0371,0.0227,0.0211,0.0142
43,ORF1a_A10312G_T3438A,,,0.0108,,,0.0106
44,S_G424A_G142S,,,0.0274,0.0165,,
59,E_A27G_syn,,,,0.0102,0.0129,
64,ORF1a_C4837T_H1613Y,,,,,0.0136,0.0366
69,ORF1a_A8434G_I2812V,,,,,0.0184,0.0109
71,ORF1a_C10242T_syn,,,,,0.1734,0.1209
74,ORF1a_C11632A_Q3878K,,,,,0.2324,0.1484
79,ORF1b_C5843T_T1948I,,,,,0.0635,0.2691
80,ORF1b_C7307T_T2436I,,,,,0.0592,0.0323
