	gene	POS	REF	ALT	FREQ	SNP	% of population
0	ORF1a	1973	A	G	0.0281	ORF1a_A1973G	2.81
1	ORF1a	3353	T	C	0.0359	ORF1a_T3353C	3.5900000000000003
2	ORF1a	3356	G	A	0.0166	ORF1a_G3356A	1.66
3	ORF1a	3452	C	T	0.0105	ORF1a_C3452T	1.05
4	ORF1a	4043	A	G	0.0103	ORF1a_A4043G	1.03
5	ORF1a	7121	T	C	0.0149	ORF1a_T7121C	1.49
6	ORF1a	7123	G	A	0.0189	ORF1a_G7123A	1.8900000000000001
7	ORF1a	10308	T	C	0.0108	ORF1a_T10308C	1.08
8	ORF1a	11070	G	T	0.1778	ORF1a_G11070T	17.78
9	ORF1a	11202	G	T	0.0759	ORF1a_G11202T	7.59
10	ORF1a	11806	G	A	0.0327	ORF1a_G11806A	3.27
11	ORF1a	12858	T	C	0.013	ORF1a_T12858C	1.3
12	ORF1b	1420	A	G	0.0149	ORF1b_A1420G	1.49
13	ORF1b	2190	G	A	0.011	ORF1b_G2190A	1.0999999999999999
14	ORF1b	2191	G	A	0.0182	ORF1b_G2191A	1.82
15	ORF1b	4343	C	A	0.0171	ORF1b_C4343A	1.71
16	ORF1b	6321	T	C	0.0114	ORF1b_T6321C	1.1400000000000001
17	S	522	T	C	0.0101	S_T522C	1.01
18	S	1640	C	T	0.048	S_C1640T	4.8
19	S	1995	C	T	0.0125	S_C1995T	1.25
20	S	2929	T	C	0.0406	S_T2929C	4.06
21	ORF3a	385	C	T	0.0101	ORF3a_C385T	1.01
22	ORF7a	127	A	G	0.0137	ORF7a_A127G	1.37
23	ORF7a	129	T	C	0.0222	ORF7a_T129C	2.22
24	ORF10	109	C	T	0.0217	ORF10_C109T	2.17
