	gene	POS	REF	ALT	FREQ	SNP	% of population
0	ORF1a	1181	A	C	0.0139	ORF1a_A1181C	1.39
1	ORF1a	3353	T	C	0.0217	ORF1a_T3353C	2.17
2	ORF1a	3356	G	A	0.0101	ORF1a_G3356A	1.01
3	ORF1a	3802	G	A	0.0119	ORF1a_G3802A	1.1900000000000002
4	ORF1a	4191	C	T	0.0181	ORF1a_C4191T	1.81
5	ORF1a	6548	C	T	0.0476	ORF1a_C6548T	4.760000000000001
6	ORF1a	7121	T	C	0.0136	ORF1a_T7121C	1.3599999999999999
7	ORF1a	7123	G	A	0.0191	ORF1a_G7123A	1.91
8	ORF1a	9295	T	C	0.0111	ORF1a_T9295C	1.11
9	ORF1a	11070	G	T	0.3705	ORF1a_G11070T	37.05
10	ORF1a	12905	C	T	0.0156	ORF1a_C12905T	1.5599999999999998
11	ORF1b	2191	G	A	0.0111	ORF1b_G2191A	1.11
12	ORF1b	4343	C	A	0.0349	ORF1b_C4343A	3.49
13	ORF1b	5415	A	G	0.0495	ORF1b_A5415G	4.95
14	ORF1b	5577	T	C	0.0104	ORF1b_T5577C	1.04
15	S	346	T	C	0.0104	S_T346C	1.04
16	S	391	T	C	0.0103	S_T391C	1.03
17	S	424	G	A	0.0165	S_G424A	1.6500000000000001
18	S	522	T	C	0.013500000000000002	S_T522C	1.35
19	S	1254	T	C	0.0246	S_T1254C	2.46
20	ORF3a	266	C	T	0.0519	ORF3a_C266T	5.19
21	ORF3a	385	C	T	0.0105	ORF3a_C385T	1.05
22	E	27	A	G	0.0102	E_A27G	1.02
23	ORF7a	127	A	G	0.0107	ORF7a_A127G	1.0699999999999998
24	ORF7a	129	T	C	0.0227	ORF7a_T129C	2.27
