	gene	POS	REF	ALT	FREQ	SNP	% of population
0	ORF1a	971	A	G	0.0385	ORF1a_A971G	3.85
1	ORF1a	2656	G	T	0.0309	ORF1a_G2656T	3.09
2	ORF1a	2921	A	G	0.0127	ORF1a_A2921G	1.27
3	ORF1a	3353	T	C	0.0332	ORF1a_T3353C	3.32
4	ORF1a	6762	G	T	0.06860000000000001	ORF1a_G6762T	6.860000000000001
5	ORF1a	8089	C	G	0.12710000000000002	ORF1a_C8089G	12.710000000000003
6	ORF1a	8657	C	T	0.0306	ORF1a_C8657T	3.06
7	ORF1a	11070	G	T	0.2	ORF1a_G11070T	20.0
8	ORF1a	11984	C	G	0.0142	ORF1a_C11984G	1.4200000000000002
9	ORF1b	1686	T	G	0.031400000000000004	ORF1b_T1686G	3.1400000000000006
10	ORF1b	1690	C	T	0.0287	ORF1b_C1690T	2.87
11	ORF1b	2810	G	A	0.0606	ORF1b_G2810A	6.0600000000000005
12	ORF1b	2813	C	A	0.0606	ORF1b_C2813A	6.0600000000000005
13	ORF1b	7183	G	T	0.0974	ORF1b_G7183T	9.74
14	N	486	T	C	0.0204	N_T486C	2.04
