	Unnamed: 0	gene	REF	ALT	FREQ	SNP	% of population
0	0	ORF1a	C	T	0.019	ORF1a_C221T	1.9
1	1	ORF1a	T	C	0.0107	ORF1a_T1200C	1.0699999999999998
2	2	ORF1a	C	T	0.0495	ORF1a_C2976T	4.95
3	3	ORF1a	A	G	0.0131	ORF1a_A3216G	1.31
4	4	ORF1a	T	C	0.0316	ORF1a_T3353C	3.16
5	5	ORF1a	G	A	0.0101	ORF1a_G3356A	1.01
6	6	ORF1a	A	G	0.0192	ORF1a_A4043G	1.92
7	7	ORF1a	C	T	0.0136	ORF1a_C4837T	1.36
8	8	ORF1a	A	G	0.0107	ORF1a_A7326G	1.0699999999999998
9	9	ORF1a	T	G	0.0158	ORF1a_T7330G	1.58
10	10	ORF1a	T	G	0.0106	ORF1a_T7331G	1.06
11	11	ORF1a	T	C	0.0105	ORF1a_T8378C	1.05
12	12	ORF1a	A	G	0.0184	ORF1a_A8434G	1.84
13	13	ORF1a	C	T	0.031	ORF1a_C9702T	3.1
14	14	ORF1a	C	T	0.1734	ORF1a_C10242T	17.34
15	15	ORF1a	G	T	0.15	ORF1a_G11070T	15.0
16	16	ORF1a	C	T	0.0568	ORF1a_C11189T	5.6800000000000015
17	17	ORF1a	C	T	0.0155	ORF1a_C11409T	1.55
18	18	ORF1a	C	A	0.2324	ORF1a_C11632A	23.24
19	19	ORF1a	A	G	0.0109	ORF1a_A12070G	1.09
20	20	ORF1a	T	C	0.0111	ORF1a_T12858C	1.11
21	21	ORF1a	C	T	0.0148	ORF1a_C13171T	1.48
